title,url,salary_from,salary_to,currency,description,requirements,avg_salary
Водитель категории В,https://hh.ru/vacancy/128428961,70000,100000,RUR,Работа по городу (доcтaвкa вoды 19л). Работa c сoпpoвoдительной докумeнтацией. Работа с приложением заказов воды.,Прaвa кaтегopии B. Cтaж вождения от 1 года.,85000
Event-менеджер (проджект),https://hh.ru/vacancy/127524346,130000,150000,RUR,"Контроль проведения мероприятий на объекте, решение спорных вопросов. Участие в мозговых штурмах, генерация <highlighttext>механик</highlighttext> и идей с командой. ","Опыт от 3 лет в event‑агентствах проджектом. Разносторонняя насмотренность по разным выездным мероприятиям. Структурированность в работе, четкость. ",140000
Корпоративный маг (Архимаг),https://hh.ru/vacancy/128317460,180000,250000,RUR,"Формирование магических коэффициентов, уровней влияния, структур связей и правил интерпретации. — Создание “ядра совместимости” — базовой магической матрицы, на которую опираются алгоритмы...","Глубокая экспертность в одной или нескольких областях: астрология, нумерология, арканы, типология личности, символические системы. — Опыт формализации сложных метафизических концепций в...",215000
Водитель-экспедитор на доставку воды,https://hh.ru/vacancy/128469716,90000,0,RUR,"Своевременная доставка продукции (вода и оборудование) по городу. Ведение сопроводительной документации, работа с ТСД. Экспедирование (выгрузка продукции у клиента).","Наличие водительского удостоверения категории В (<highlighttext>механика</highlighttext>), стаж от 1 года. Знание города (желательно). Опыт работы водителем-экспедитором будет преимуществом.",90000
Диспетчер (ГЛОНАСС),https://hh.ru/vacancy/128458005,33716,0,RUR,"Оренбурга, несанкционированных отклонениях от маршрута. 4. Консультирует и обеспечивает <highlighttext>механика</highlighttext> и главного инженера учреждения необходимой и полной информацией по вопросам...","Диспетчер по ГЛОНАСС должен иметь среднее профессиональное/среднее специальное/среднее образование и иметь соответствующую подготовку, без предъявления требований к стажу. ",33716
"Инженер-механик, технический специалист",https://hh.ru/vacancy/126620246,120000,0,RUR,"Формирование технической документации для сварочного оборудования (руководств по эксплуатации, инструкций. Формирование технологической документации. Проверка и корректировка технической документации, поддержание ее...",Навыки создания технической документации. Умение читать техническую документацию. Знание нормативных документов . Общая техническая грамотность.,120000
"Специалист по сопровождению и адаптации сотрудников, Транспортная компания (грузоперевозки)",https://hh.ru/vacancy/128417204,200000,0,RUR,"Передача информации ответственным подразделениям (<highlighttext>механики</highlighttext>, логисты, бухгалтерия, администрация). Контроль решения: доведение вопроса до полного закрытия. Психологически грамотная работа с людьми...","Отличными коммуникативными навыками. Способностью слушать, понимать и объяснять простым языком. Стрессоустойчивостью и спокойствием. Умением работать с разными характерами. ",200000
Водитель на HINO 500,https://hh.ru/vacancy/128489255,150000,0,RUR,Выполнение работ на Технике в зависимости от поставленных задач на объекте. Перевозка грузов по городу и области. Заполнение путевых листов...,Паспорт гражданина. Водительское удостоверение категории С. Опыт работы на манипуляторах приветствуется. Знание технической части грузовика.,150000
Директор автопарка,https://hh.ru/vacancy/128227068,300000,0,RUR,"Управление личным составом водителей и <highlighttext>механиков</highlighttext>: найм, увольнение, планирование графика работы, мотивация, распределение ресурсов в соответствии с сезонностью. ",Опыт работы на аналогичной руководящей должности с мультиформатным автопарком 100+ единиц от 5 лет. Знание принципов организации автотранспортного предприятия...,300000
Механик-логист транспорта,https://hh.ru/vacancy/128481966,150000,0,RUR,"Контроль за состоянием спецтехники. Контроль машинистов, путевых листов, поиск жилья для машинистов, поиск запасных частей для бульдозеров CATERPILLAR.",,150000
Head of E-commerce,https://hh.ru/vacancy/128347974,350000,550000,RUR,"Выполнение и опережение амбициозного плана продаж, использование всех ключевых <highlighttext>механик</highlighttext> e-com-роста. Построение и развитие цифровой экосистемы: сайт, мобильное...","Это роль для тех, кому важен результат, влияние и возможность построить современную цифровую платформу: от сайта и мобильного приложения до...",450000
Водитель на аварийный фургон,https://hh.ru/vacancy/121716631,73000,104000,RUR,"Собственную сервисную базу с квалифицированными <highlighttext>механиками</highlighttext>, обеспечивающими оперативное обслуживание и ремонт автомобилей, что минимизирует простои. Современное моечное оборудование (автоматическая портальная...",Наличие водительского удостоверения с категориями В и С. Опыт работы по категории С от 3-х лет. Наличие действующей водительской...,88500
Начальник отдела тылового обеспечения,https://hh.ru/vacancy/128396477,80000,95000,RUR,"Организация и обеспечение материально-техническими ресурсами и социальным обеспечением. Эксплуатация и ремонт зданий, сооружений и инженерный сетей. Организация мероприятий по...","Высшее образование (инженер-<highlighttext>механик</highlighttext>, инженер-строитель, инженер-электрик). Опыт работы на руководящих должностях не менее 5 лет (начальник отдела, службы...",87500
Ведущий инженер - руководитель направления,https://hh.ru/vacancy/128464676,200000,0,RUR,"Продажи сервиса для промышленных предприятий на территории России для отраслей: нефтегаз (НПЗ), химическая промышленность, металлургия. Руководство проектом. Работа с технической...","Опыт работы в должности инженера не менее 3-х лет в службах главного инженера или главного <highlighttext>механика</highlighttext> (эксплуатация оборудования, разработка...",200000
Геймер / Игрок / Исполнитель заказов в онлайн играх на PC,https://hh.ru/vacancy/127792874,25000,80000,RUR,Обучение базовой <highlighttext>механике</highlighttext> игры. Подробный разбор PvE-активностей и процесса фарма.,"Свободное владение компьютером. Опыт в различных играх. Ответственность, дисциплина, желание работать в игровом формате. Готовность обучаться и следовать указаниям. ",52500
Главный механик по транспорту,https://hh.ru/vacancy/128430997,200000,200000,RUR,"Своевременное обслуживание и текущий ремонт транспорта. Введение склада запчастей. Учет затрат. Штрафы ГИБДД, контроль оплаты ( Платон), перегруза, платных дорог. ",Опыт работы от 5 лет. Опыт работы с тягачами и полу прицепами. Опыт работы с программой АвтоДилер. Уверенный пользователь 1...,200000
Контент-продюсер,https://hh.ru/vacancy/127961925,120000,0,RUR,"Рекламный видеопродакшн полного цикла и контент-завод для брендов. - Умеешь собирать и анализировать тренды, работать с таблицами, подборками, аналитическими выгрузками. - ","Работаем с 2012 года. Ты нам подойдешь, если: - Понимаешь, как работают TikTok / Reels / Shorts и почему ролики выстреливают. - ",120000
Главный диспетчер (логист),https://hh.ru/vacancy/128467048,85000,85000,RUR,Перераспределять ресурсы между заказчиками/объектами. Составлять установленную отчетность. Передавать информацию <highlighttext>механику</highlighttext> о типе транспортного средства и характере груза для оформления...,"Средне-профессиональное образование. Опыт работы от года. Знание программы 1С. Внимательность, собранность, ответственность, пунктуальность. Умение работать в режиме многозадачности...",85000
Главный механик по транспорту,https://hh.ru/vacancy/128426136,143000,0,RUR,Организация и управление работы транспортных подразделений штатной численностью 250-300 ед. Разработка графиков ремонта оборудования. Организация обучения и повышения квалификации...,"Опыт управления персоналом. Опыт ведения технической документации. Знание программ: 1С, MS Office. Навыки проведения аварийного ремонта. Знание устройства грузовой...",143000
Разработчик Unity 3D,https://hh.ru/vacancy/128489496,70000,0,RUR,"Взаимодействие с художниками, дизайнерами и другими разработчиками для интеграции игровых ресурсов и логики. Реализация игровой логики, <highlighttext>механик</highlighttext> и функциональности в...","Наличие реализованных проектов на Unity. Обязательный опыт с Oculus VR. Знание C#, ООП, структур данных; и базовых алгоритмов. ",70000
Директор обособленного подразделения (Подольск),https://hh.ru/vacancy/128232170,300000,0,RUR,"Организация и контроль работы транспортного управления. Взаимодействие с собственной сервисной станцией (<highlighttext>механик</highlighttext>, автослесарь). Формирование маршрутов. Взаимодействие с отделом по планированию...","Опыт руководства и управления персоналом. - Знания в области логистики, финансов, маркетинга. - Навыки делового общения. - Умение работать в режиме многозадачности. ",300000
Личный водитель,https://hh.ru/vacancy/128404979,80000,0,RUR,Безопасная и комфортная перевозка руководителя и членов его семьи. Выполнение личных поручений. Подача автомобиля в оговорённое время. Поддержание автомобиля в...,"Умение сохранять конфиденциальность и корректность в общении. Навыки ухода за автомобилем, знание основ <highlighttext>механики</highlighttext> будет преимуществом. Готовность к разъездному характеру...",80000
Механик по транспорту,https://hh.ru/vacancy/128403268,130000,160000,RUR,"Организация и контроль работ по эксплуатации, ремонту и техническому обслуживанию ТС, номерных агрегатов (автошины, АКБ). Обеспечение бесперебойной работы ТС, проведение...","Знание технического устройства ТС. Опыт самостоятельного ремонта ТС. Опытный пользователь 1с, ПО. Опыт руководства подразделением 8+ ед.",145000
Главный инженер,https://hh.ru/vacancy/128382550,0,275000,RUR,"Общее руководство и координация работы технических служб: отдел главного <highlighttext>механика</highlighttext>, отдел главного энергетика, котельная. Формирование бюджета департамента, контроль его исполнения. ","Высшее техническое образование (<highlighttext>механика</highlighttext>, энергетика, промышленное оборудование). Не менее 5 лет успешного опыта работы на аналогичной руководящей позиции (начальник технического...",275000
Диспетчер транспортного отдела,https://hh.ru/vacancy/128399440,60000,0,RUR,Обработка путевых листов грузовых автомобилей и спецтехники. Контроль расхода ГСМ. Взаимодействие с <highlighttext>механиком</highlighttext> по мониторингу ремонтных работ грузовых автомобилей и...,"Образование: высшее, среднее специальное. Опыт работы: в транспортно-логистической компании будет вашим преимуществом. Умение пользоваться: офисное ПО (Word, Excel и...",60000
Начальник ремонтно-механической мастерской,https://hh.ru/vacancy/128479372,220000,220000,RUR,"Контролирует выполнение работ по ТО-1, ТО-2, ТР с оформлением документов и сдачей исправного транспорта <highlighttext>механикам</highlighttext>. Осуществляет контроль за...","Высшее (техническое образование). Отличное знание устройства транспорта, технических характеристик. Опыт руководства коллективом от 40 человек. Опыт работы на аналогичной должности...",220000
Механик,https://hh.ru/vacancy/128437352,100000,120000,RUR,...техники в части своевременных ТО и ТР. Координация заездов/выездов сотрудников на объекты. Взаимодействие с диспетчерской службой и полевыми <highlighttext>механиками</highlighttext>.,"Опыт работы на аналогичной позиции от 3 лет. Уверенное знание: Word, Excel, 1С :Документооборот, систем учёта путевых листов и...",110000
Маркетолог,https://hh.ru/vacancy/128457312,100000,200000,RUR,"Развивать партнёрские коллаборации и реферальные <highlighttext>механики</highlighttext>. Запускать и масштабировать email-маркетинг, улучшать воронки, тестировать гипотезы. Курировать создание и публикацию статей...","Студенты и выпускники вузов — сопровождаем тех, кто хочет поступить на магистратуру и аспирантуру. У тебя есть опыт в digital-маркетинге...",150000
Водитель автомобиля,https://hh.ru/vacancy/128360252,70000,70000,RUR,По окончании смены водитель обязан сдать автомобиль под роспись в путевом листе главному <highlighttext>механику</highlighttext>. 2.10. Устранять возникшие во время...,"Среднее (полное) общее образование и стаж работы по специальности не менее 1 года, а также водительское удостоверение категории CE.",70000
Партнер по бизнесу,https://hh.ru/vacancy/128273506,300000,0,RUR,АВО (Аппараты воздушного охлаждения). Секции АВО. Имеете доступ к заказчикам или влияете на выбор поставщиков. Прямое взаимодействие с высшим руководством...,Имеют опыт в продажах B2B или работают рядом с крупными проектами. Понимают <highlighttext>механику</highlighttext> проектных продаж. Имеют контакты в...,300000
Механик в таксопарк Яндекс Такси,https://hh.ru/vacancy/128452868,90000,120000,RUR,Приём и выдача автомобилей арендаторам. Контроль технического состояния автомобилей. Контроль соблюдения условий договора аренды арендаторами. Работа в 1С и...,"Честность и порядочность. Внутренний стержень и ответственность. Понимание технической части по автомобилям. Умение работать с ПК (1С, CRM). ",105000
Руководитель отдела продаж,https://hh.ru/vacancy/127930049,250000,500000,RUR,"Отслеживать эффективность структуры оплаты труда: оклады, бонусы и т.д. Тестировать новые <highlighttext>механики</highlighttext> и техники продаж: апселл, кросс-селл и...","Глубокая экспертиза в b2c-стратегиях: скрипты, воронки, отработка возражений, повышение конверсий, upsell/cross-sell, retention-<highlighttext>механики</highlighttext>. ",375000
Менеджер/администратор,https://hh.ru/vacancy/128091748,90000,130000,RUR,Обслуживание клиентской базы (формирование заказа и организации доставки продукции заказчику). - Планирование и организация выезда <highlighttext>механиков</highlighttext> по текущим заявка. - ,,110000
Разработчик C# Unity 3D (VR),https://hh.ru/vacancy/128102298,80000,120000,RUR,"Взаимодействие с художниками, дизайнерами и другими разработчиками для интеграции игровых ресурсов и логики. Реализация игровой логики, <highlighttext>механик</highlighttext> и функциональности в...","Наличие реализованных проектов на Unity. Знание C#, ООП, структур данных, и базовых алгоритмов. Знания и опыт работы с Unity от...",100000
Механик - снабженец,https://hh.ru/vacancy/128450135,100000,0,RUR,"Подбор, заказ и доставка запчастей и ТМЦ на участки. Ведение 1С учета приемки перемещения и списания ТМЦ. ",Опыт работы от 2х лет. Умение работать в команде. Высокая производительность.,100000
Механик по транспорту,https://hh.ru/vacancy/128281753,100000,0,RUR,"Осуществление бесперебойной и технически правильной эксплуатации и надежной работы автотранспорта (спецтехника), содержание его в работоспособном состоянии на требуемом уровне. ",Высшее (техническое) образование или среднее профессиональное (техническое). Опыт работы на релевантной должности не менее 3-х лет. Знание основ законодательства...,100000
Маркетолог,https://hh.ru/vacancy/127720092,150000,200000,RUR,"Сайты и порталы: структура, контент, продуктовые страницы, калькуляторы, формы. — Маркетинговые акции: <highlighttext>механики</highlighttext>, УТП, правила, макеты, юридическая вычитка, отчётность. — ","Опыт 3–5 лет в маркетинге физического продукта с торговым маркетингом и POSM. Желательно из категорий DIY, инженерные системы, стройматериалы...",175000
Гейм-дизайнер визуальных новелл,https://hh.ru/vacancy/128019105,50000,80000,RUR,Обработка готовых художественных сценариев установленными скриптами для переноса в программную среду Unity. Внесение игровых <highlighttext>механик</highlighttext> и нарративная обработка сценариев визуальных...,"Успешное выполнение тестового задания. Богатый игровой опыт в визуальных новеллах и понимание их особенностей. Внимательность, ответственность. Умение работать в строго...",65000
Junior Android Developer,https://hh.ru/vacancy/128268208,45000,60000,RUR,"Разработка простых Android-приложений и 2D-мини-игр, в т.ч с помощью нейросетей. Создание базовых <highlighttext>механик</highlighttext>: утилиты, справочники...",Знание Kotlin. Уверенная работа в Android Studio. Готовность и желание использовать Cursor / AI-ассистентов. Английский желателен. Небольшой опыт интеграций (SDK...,52500
Техник по ремонту и обслуживанию,https://hh.ru/vacancy/128489980,93750,93750,RUR,Плановое техническое обслуживание и ремонт систем и оборудования. Выявление и устранение дефектов и неисправностей в процессе обслуживания. Контроль технического состояния...,"Среднее профессиональное образование. Опыт работы техником от 1 года. Навыки выполнения ремонта оборудования, <highlighttext>механики</highlighttext> и электрики. Наличие III группа по...",93750
Заместитель начальника производства,https://hh.ru/vacancy/128457702,75817,0,RUR,Обеспечивать ведение учета и составление отчетности о ремонтно-производственной деятельности. Координировать работу мастеров участков и <highlighttext>механиков</highlighttext>. Контролировать ход производственного процесса...,Среднее профессиональное или высшее профессиональное образование. Опыт работы по специальности не менее 3-х лет.,75817
Водитель,https://hh.ru/vacancy/128270095,92000,0,RUR,Доставка и забор груза в/из транспортных компаний. Доставка груза клиентам и забор груза от поставщиков. Выполнение поручений руководителя на...,"...аккумулятор, долить масло и т.п.). Умение разбираться в транспортных документах и документах на груз. Преимущество, если имеются корочки <highlighttext>механика</highlighttext>.",92000
Менеджер по закупкам,https://hh.ru/vacancy/128491961,140000,0,RUR,"Вести прямые переговоры с фабриками в Китае, Киргизии, Узбекистане. Находить производителей и договариваться о лучших условиях: цене, сроках, партиях. ",Опыт работы с отсрочкой платежей по ВЭД (чёткое понимание сроков и <highlighttext>механики</highlighttext> переговоров). Навык переговоров и торга: умение реально снижать...,140000
Торговый представитель,https://hh.ru/vacancy/127651873,155000,0,RUR,"Доставка заказов премиум-класса (одежда, обувь, аксессуары) с безупречным сервисом на автомобилях компании (Volkswagen Caddy МКПП) . Консультирование клиентов о товаре...","Права категории В (<highlighttext>механика</highlighttext>), стаж вождения от 2-х лет. Ответственность, аккуратность и клиентоориентированность. Знание Москвы — преимущество.",155000
Механик по ремонту автотранспорта (ИТР),https://hh.ru/vacancy/128315542,140000,140000,RUR,"Организация оперативного и качественного ремонта автотранспорта (Volvo, Scania, Renault, Mersedes) автомобилей в которые находятся в ремонтной зоне предприятия. - ","Образование автотранспортное, не ниже среднего профессионального. -Опыт работы <highlighttext>механиком</highlighttext> не менее 3 лет обязателен. -Хорошее знание устройства грузовых автомобилей(Scania...",140000
Начальник транспортного отдела,https://hh.ru/vacancy/128433047,100000,150000,RUR,"Управление персоналом: подбор, мотивация, развитие водителей и <highlighttext>механиков</highlighttext>. Контроль за соблюдением графика перевозок, оперативное решение внештатных ситуаций. Контроль за техническим...","Опыт работы в транспортной логистике от 6 лет, из них не менее 2 лет — на руководящей позиции. Глубокое понимание процессов...",125000
Механик по выпуску автотранспорта на линию (по ремонту),https://hh.ru/vacancy/128453906,100000,0,RUR,Контролировать выезд автотранспорта предприятия в исправном состоянии. Обеспечивать безаварийную и надежную работу автотранспорта на линии. Осуществлять ежедневный технический осмотр автомобилей. ,"Среднее специальное, высшее образование. Опыт работы в данной сфере от 1 года. Понимание принципов построения маршрутов доставки. Знание программ: 1...",100000
"Диспетчер по транспорту, специалист ГСМ",https://hh.ru/vacancy/128394400,90000,0,RUR,Формирование отчетов по расходам ГСМ. Отслеживание штрафов по автотранспорту предприятий. Помощь главному <highlighttext>механику</highlighttext> в документообороте. Работа в 1С Бухгалтерия...,"Опыт работы на участке ГСМ обязательно! Внимательность, аккуратность, исполнительность.",90000
Автослесарь (Автомеханик),https://hh.ru/vacancy/127931322,0,200000,RUR,1️⃣ Автомеханик встречает предусмотренный ему автомобиль на обслуживание или ремонт. 2️⃣ Мастер производит диагностику автомобиля только в присутствии менеджера сервисной...,,200000
Backend-разработчик,https://hh.ru/vacancy/128319187,40000,130000,RUR,"Прорабатывать схемы в PostgreSQL, писать эффективные запросы; собирать аналитические пайплайны в ClickHouse. Поднимать Redis-<highlighttext>механики</highlighttext> (кэш, rate-limit, очереди). ","Архитектура: микросервисы, REST/gRPC, event-driven. Инфра: Docker, Kubernetes, CI/CD, логирование/метрики/трейсинг. Облака и AI: Google Cloud (Google...",85000
Старший механик,https://hh.ru/vacancy/128469441,70000,0,RUR,Планирование и проведение планового ТО грузовых автомобилей. Диагностика неисправностей с использованием спецоборудования. Организация капитального и текущего ремонта. Контроль качества выполненных...,"Образование: высшее или среднее техническое (автомобилестроение, сервис транспортных средств). Опыт работы: от 5 лет в сфере обслуживания грузовой техники, желательно...",70000
